-- MySQL dump 10.13  Distrib 5.7.31, for Win64 (x86_64)
--
-- Host: localhost    Database: sqlix
-- ------------------------------------------------------
-- Server version	5.7.31

/*!40101 SET @OLD_CHARACTER_SET_CLIENT=@@CHARACTER_SET_CLIENT */;
/*!40101 SET @OLD_CHARACTER_SET_RESULTS=@@CHARACTER_SET_RESULTS */;
/*!40101 SET @OLD_COLLATION_CONNECTION=@@COLLATION_CONNECTION */;
/*!40101 SET NAMES utf8 */;
/*!40103 SET @OLD_TIME_ZONE=@@TIME_ZONE */;
/*!40103 SET TIME_ZONE='+00:00' */;
/*!40014 SET @OLD_UNIQUE_CHECKS=@@UNIQUE_CHECKS, UNIQUE_CHECKS=0 */;
/*!40014 SET @OLD_FOREIGN_KEY_CHECKS=@@FOREIGN_KEY_CHECKS, FOREIGN_KEY_CHECKS=0 */;
/*!40101 SET @OLD_SQL_MODE=@@SQL_MODE, SQL_MODE='NO_AUTO_VALUE_ON_ZERO' */;
/*!40111 SET @OLD_SQL_NOTES=@@SQL_NOTES, SQL_NOTES=0 */;

--
-- Table structure for table `absorber`
--

DROP TABLE IF EXISTS `absorber`;
/*!40101 SET @saved_cs_client     = @@character_set_client */;
/*!40101 SET character_set_client = utf8 */;
CREATE TABLE `absorber` (
  `NumPotion` int(11) NOT NULL,
  `DateA` date NOT NULL,
  `NumHab` int(11) NOT NULL,
  `Quatite` int(11) DEFAULT NULL,
  PRIMARY KEY (`NumPotion`,`DateA`,`NumHab`),
  KEY `NumHab` (`NumHab`),
  CONSTRAINT `absorber_ibfk_1` FOREIGN KEY (`NumPotion`) REFERENCES `potion` (`NumPotion`),
  CONSTRAINT `absorber_ibfk_2` FOREIGN KEY (`NumHab`) REFERENCES `habitant` (`NumHab`)
) ENGINE=InnoDB DEFAULT CHARSET=utf8mb4;
/*!40101 SET character_set_client = @saved_cs_client */;

--
-- Dumping data for table `absorber`
--

LOCK TABLES `absorber` WRITE;
/*!40000 ALTER TABLE `absorber` DISABLE KEYS */;
INSERT INTO `absorber` VALUES (1,'2052-02-18',7,3),(1,'2052-02-20',2,2),(1,'2052-02-20',8,2),(1,'2052-04-03',7,1),(1,'2052-04-03',15,2),(1,'2052-06-06',13,2),(1,'2052-08-18',8,3),(1,'2052-08-18',16,1),(1,'2052-11-26',10,2),(2,'2052-02-18',12,4),(2,'2052-04-03',13,5),(2,'2052-06-06',7,1),(2,'2052-07-18',7,3),(2,'2052-10-23',7,4),(2,'2052-11-26',8,2),(3,'2052-02-20',7,1),(3,'2052-04-03',10,4),(3,'2052-06-06',8,4),(3,'2052-08-18',10,2),(3,'2052-09-20',7,5),(3,'2052-10-23',13,1),(4,'2052-05-05',15,2),(4,'2052-08-18',7,2),(4,'2052-09-20',1,2),(4,'2052-10-23',13,3),(5,'2052-05-10',1,4),(5,'2052-05-10',2,1),(5,'2052-06-07',1,2),(5,'2052-07-17',7,1),(5,'2052-11-26',13,2),(5,'2052-11-26',16,2);
/*!40000 ALTER TABLE `absorber` ENABLE KEYS */;
UNLOCK TABLES;

--
-- Table structure for table `categorie`
--

DROP TABLE IF EXISTS `categorie`;
/*!40101 SET @saved_cs_client     = @@character_set_client */;
/*!40101 SET character_set_client = utf8 */;
CREATE TABLE `categorie` (
  `CodeCat` char(3) NOT NULL,
  `NomCateg` varchar(50) DEFAULT NULL,
  `NbPoint` int(11) DEFAULT NULL,
  PRIMARY KEY (`CodeCat`)
) ENGINE=InnoDB DEFAULT CHARSET=utf8mb4;
/*!40101 SET character_set_client = @saved_cs_client */;

--
-- Dumping data for table `categorie`
--

LOCK TABLES `categorie` WRITE;
/*!40000 ALTER TABLE `categorie` DISABLE KEYS */;
INSERT INTO `categorie` VALUES ('BCN','Bouclier de Centurion',6),('BDN','Bouclier de Décurion',4),('BLE','Bouclier de Légionnaire',3),('BLT','Bouclier de Légat',10),('CCN','Casque de Centurion',3),('CDN','Casque de Décurion',2),('CLE','Casque de Légionnaire',1),('CLT','Casque de Légat',4);
/*!40000 ALTER TABLE `categorie` ENABLE KEYS */;
UNLOCK TABLES;

--
-- Table structure for table `fabriquer`
--

DROP TABLE IF EXISTS `fabriquer`;
/*!40101 SET @saved_cs_client     = @@character_set_client */;
/*!40101 SET character_set_client = utf8 */;
CREATE TABLE `fabriquer` (
  `NumPotion` int(11) NOT NULL,
  `NumHab` int(11) NOT NULL,
  PRIMARY KEY (`NumPotion`,`NumHab`),
  KEY `NumHab` (`NumHab`),
  CONSTRAINT `fabriquer_ibfk_1` FOREIGN KEY (`NumPotion`) REFERENCES `potion` (`NumPotion`),
  CONSTRAINT `fabriquer_ibfk_2` FOREIGN KEY (`NumHab`) REFERENCES `habitant` (`NumHab`)
) ENGINE=InnoDB DEFAULT CHARSET=utf8mb4;
/*!40101 SET character_set_client = @saved_cs_client */;

--
-- Dumping data for table `fabriquer`
--

LOCK TABLES `fabriquer` WRITE;
/*!40000 ALTER TABLE `fabriquer` DISABLE KEYS */;
INSERT INTO `fabriquer` VALUES (2,2),(5,2),(3,3),(1,4),(4,4),(5,4),(4,6);
/*!40000 ALTER TABLE `fabriquer` ENABLE KEYS */;
UNLOCK TABLES;

--
-- Table structure for table `habitant`
--

DROP TABLE IF EXISTS `habitant`;
/*!40101 SET @saved_cs_client     = @@character_set_client */;
/*!40101 SET character_set_client = utf8 */;
CREATE TABLE `habitant` (
  `NumHab` int(11) NOT NULL AUTO_INCREMENT,
  `Nom` varchar(30) DEFAULT NULL,
  `Age` int(11) DEFAULT NULL,
  `NumQualite` int(11) DEFAULT NULL,
  `NumVillage` int(11) DEFAULT NULL,
  PRIMARY KEY (`NumHab`),
  KEY `NumQualite` (`NumQualite`),
  KEY `NumVillage` (`NumVillage`),
  CONSTRAINT `habitant_ibfk_1` FOREIGN KEY (`NumQualite`) REFERENCES `qualite` (`NumQualite`),
  CONSTRAINT `habitant_ibfk_2` FOREIGN KEY (`NumVillage`) REFERENCES `village` (`NumVillage`)
) ENGINE=InnoDB AUTO_INCREMENT=23 DEFAULT CHARSET=utf8mb4;
/*!40101 SET character_set_client = @saved_cs_client */;

--
-- Dumping data for table `habitant`
--

LOCK TABLES `habitant` WRITE;
/*!40000 ALTER TABLE `habitant` DISABLE KEYS */;
INSERT INTO `habitant` VALUES (1,'Abraracourcix',65,1,1),(2,'Amnésix',56,2,7),(3,'Barometrix',68,2,3),(4,'Panoramix',79,2,1),(5,'Assurancetourix',53,3,1),(6,'Zérozérosix',75,2,4),(7,'Astérix',35,4,1),(8,'Bellodalix',32,4,7),(9,'Cétyounix',32,4,4),(10,'Homéopatix',48,5,6),(11,'Obélix',38,6,1),(12,'Plantaquatix',30,5,5),(13,'Moralélastix',67,1,2),(14,'Pneumatix',26,7,1),(15,'Pronostix',35,4,5),(16,'Goudurix',38,4,2),(17,'Océanix',40,5,5),(18,'Asdepix',53,1,5),(19,'Eponine',48,8,2),(20,'Falbala',26,9,1),(21,'Gélatine',65,NULL,6),(22,'Fanzine',21,NULL,3);
/*!40000 ALTER TABLE `habitant` ENABLE KEYS */;
UNLOCK TABLES;

--
-- Table structure for table `potion`
--

DROP TABLE IF EXISTS `potion`;
/*!40101 SET @saved_cs_client     = @@character_set_client */;
/*!40101 SET character_set_client = utf8 */;
CREATE TABLE `potion` (
  `NumPotion` int(11) NOT NULL AUTO_INCREMENT,
  `Libpotion` varchar(40) DEFAULT NULL,
  `Formule` varchar(30) DEFAULT NULL,
  `ConstituantPrincipal` varchar(30) DEFAULT NULL,
  PRIMARY KEY (`NumPotion`)
) ENGINE=InnoDB AUTO_INCREMENT=6 DEFAULT CHARSET=utf8mb4;
/*!40101 SET character_set_client = @saved_cs_client */;

--
-- Dumping data for table `potion`
--

LOCK TABLES `potion` WRITE;
/*!40000 ALTER TABLE `potion` DISABLE KEYS */;
INSERT INTO `potion` VALUES (1,'Potion magique n°1',NULL,'Gui'),(2,'Potion magique n°2','4V3C2VA','Vin'),(3,'Potion magique n°3','2C1B','Calva'),(4,'Potion Zen',NULL,'Jus de Betterave'),(5,'Potion Anti Douleur','5C3J1T','Calva');
/*!40000 ALTER TABLE `potion` ENABLE KEYS */;
UNLOCK TABLES;

--
-- Table structure for table `province`
--

DROP TABLE IF EXISTS `province`;
/*!40101 SET @saved_cs_client     = @@character_set_client */;
/*!40101 SET character_set_client = utf8 */;
CREATE TABLE `province` (
  `NumProvince` int(11) NOT NULL AUTO_INCREMENT,
  `NomProvince` varchar(30) DEFAULT NULL,
  `NomGouverneur` varchar(30) DEFAULT NULL,
  PRIMARY KEY (`NumProvince`)
) ENGINE=InnoDB AUTO_INCREMENT=4 DEFAULT CHARSET=utf8mb4;
/*!40101 SET character_set_client = @saved_cs_client */;

--
-- Dumping data for table `province`
--

LOCK TABLES `province` WRITE;
/*!40000 ALTER TABLE `province` DISABLE KEYS */;
INSERT INTO `province` VALUES (1,'Armorique','Garovirus'),(2,'Averne','Nenpeuplus'),(3,'Aquitaine','Yenapus');
/*!40000 ALTER TABLE `province` ENABLE KEYS */;
UNLOCK TABLES;

--
-- Table structure for table `qualite`
--

DROP TABLE IF EXISTS `qualite`;
/*!40101 SET @saved_cs_client     = @@character_set_client */;
/*!40101 SET character_set_client = utf8 */;
CREATE TABLE `qualite` (
  `NumQualite` int(11) NOT NULL AUTO_INCREMENT,
  `LibQuatile` varchar(30) DEFAULT NULL,
  PRIMARY KEY (`NumQualite`)
) ENGINE=InnoDB AUTO_INCREMENT=10 DEFAULT CHARSET=utf8mb4;
/*!40101 SET character_set_client = @saved_cs_client */;

--
-- Dumping data for table `qualite`
--

LOCK TABLES `qualite` WRITE;
/*!40000 ALTER TABLE `qualite` DISABLE KEYS */;
INSERT INTO `qualite` VALUES (1,'Chef'),(2,'Druide'),(3,'Barde'),(4,'Guerrier'),(5,'Chasseur'),(6,'Livreur de menhirs'),(7,'Facteur'),(8,'Poissonnière'),(9,'Serveuse');
/*!40000 ALTER TABLE `qualite` ENABLE KEYS */;
UNLOCK TABLES;

--
-- Table structure for table `resserre`
--

DROP TABLE IF EXISTS `resserre`;
/*!40101 SET @saved_cs_client     = @@character_set_client */;
/*!40101 SET character_set_client = utf8 */;
CREATE TABLE `resserre` (
  `NumResserre` int(11) NOT NULL AUTO_INCREMENT,
  `NomResser` varchar(30) DEFAULT NULL,
  `Superficie` int(11) DEFAULT NULL,
  `NumVillage` int(11) DEFAULT NULL,
  PRIMARY KEY (`NumResserre`),
  KEY `NumVillage` (`NumVillage`),
  CONSTRAINT `resserre_ibfk_1` FOREIGN KEY (`NumVillage`) REFERENCES `village` (`NumVillage`)
) ENGINE=InnoDB AUTO_INCREMENT=4 DEFAULT CHARSET=utf8mb4;
/*!40101 SET character_set_client = @saved_cs_client */;

--
-- Dumping data for table `resserre`
--

LOCK TABLES `resserre` WRITE;
/*!40000 ALTER TABLE `resserre` DISABLE KEYS */;
INSERT INTO `resserre` VALUES (1,'Albinus',720,4),(2,'Vercingetorix',500,6),(3,'Sintrof',895,1);
/*!40000 ALTER TABLE `resserre` ENABLE KEYS */;
UNLOCK TABLES;

--
-- Table structure for table `trophee`
--

DROP TABLE IF EXISTS `trophee`;
/*!40101 SET @saved_cs_client     = @@character_set_client */;
/*!40101 SET character_set_client = utf8 */;
CREATE TABLE `trophee` (
  `NumTrophee` int(11) NOT NULL AUTO_INCREMENT,
  `DatePrise` datetime DEFAULT NULL,
  `CodeCat` char(3) DEFAULT NULL,
  `NumPreneur` int(11) DEFAULT NULL,
  `NumResserre` int(11) DEFAULT NULL,
  PRIMARY KEY (`NumTrophee`),
  KEY `NumPreneur` (`NumPreneur`),
  KEY `CodeCat` (`CodeCat`),
  KEY `NumResserre` (`NumResserre`),
  CONSTRAINT `trophee_ibfk_1` FOREIGN KEY (`NumPreneur`) REFERENCES `habitant` (`NumHab`),
  CONSTRAINT `trophee_ibfk_2` FOREIGN KEY (`CodeCat`) REFERENCES `categorie` (`CodeCat`),
  CONSTRAINT `trophee_ibfk_3` FOREIGN KEY (`NumResserre`) REFERENCES `resserre` (`NumResserre`)
) ENGINE=InnoDB AUTO_INCREMENT=11 DEFAULT CHARSET=utf8mb4;
/*!40101 SET character_set_client = @saved_cs_client */;

--
-- Dumping data for table `trophee`
--

LOCK TABLES `trophee` WRITE;
/*!40000 ALTER TABLE `trophee` DISABLE KEYS */;
INSERT INTO `trophee` VALUES (1,'2052-04-03 00:00:00','BLE',7,3),(2,'2052-04-03 00:00:00','BLT',11,3),(3,'2052-05-05 00:00:00','CDN',15,1),(4,'2052-05-05 00:00:00','CLE',16,2),(5,'2052-06-06 00:00:00','CCN',16,2),(6,'2052-06-06 00:00:00','BLT',8,1),(7,'2052-08-18 00:00:00','CCN',8,1),(8,'2052-09-20 00:00:00','CLT',1,3),(9,'2052-10-23 00:00:00','CDN',7,2),(10,'2052-10-23 00:00:00','CLE',16,1);
/*!40000 ALTER TABLE `trophee` ENABLE KEYS */;
UNLOCK TABLES;

--
-- Table structure for table `village`
--

DROP TABLE IF EXISTS `village`;
/*!40101 SET @saved_cs_client     = @@character_set_client */;
/*!40101 SET character_set_client = utf8 */;
CREATE TABLE `village` (
  `NumVillage` int(11) NOT NULL AUTO_INCREMENT,
  `NomVillage` varchar(30) DEFAULT NULL,
  `NbHuttes` int(11) DEFAULT NULL,
  `NumProvince` int(11) DEFAULT NULL,
  PRIMARY KEY (`NumVillage`),
  KEY `NumProvince` (`NumProvince`),
  CONSTRAINT `village_ibfk_1` FOREIGN KEY (`NumProvince`) REFERENCES `province` (`NumProvince`)
) ENGINE=InnoDB AUTO_INCREMENT=8 DEFAULT CHARSET=utf8mb4;
/*!40101 SET character_set_client = @saved_cs_client */;

--
-- Dumping data for table `village`
--

LOCK TABLES `village` WRITE;
/*!40000 ALTER TABLE `village` DISABLE KEYS */;
INSERT INTO `village` VALUES (1,'Aquilona',52,1),(2,'Lutèce',25,2),(3,'Aginum',33,3),(4,'Calendes Aquae',42,2),(5,'Condate',38,1),(6,'Gergovie',55,3),(7,'Aquae Calidae',35,2);
/*!40000 ALTER TABLE `village` ENABLE KEYS */;
UNLOCK TABLES;
/*!40103 SET TIME_ZONE=@OLD_TIME_ZONE */;

/*!40101 SET SQL_MODE=@OLD_SQL_MODE */;
/*!40014 SET FOREIGN_KEY_CHECKS=@OLD_FOREIGN_KEY_CHECKS */;
/*!40014 SET UNIQUE_CHECKS=@OLD_UNIQUE_CHECKS */;
/*!40101 SET CHARACTER_SET_CLIENT=@OLD_CHARACTER_SET_CLIENT */;
/*!40101 SET CHARACTER_SET_RESULTS=@OLD_CHARACTER_SET_RESULTS */;
/*!40101 SET COLLATION_CONNECTION=@OLD_COLLATION_CONNECTION */;
/*!40111 SET SQL_NOTES=@OLD_SQL_NOTES */;

-- Dump completed on 2021-02-23 10:11:49
